<?xml version="1.0" encoding="UTF-8"?>

<recipeml version="0.5">
    <recipe>
        <head>
            <title>Amaretto Cake</title>
            <categories>
                <cat>Liquor</cat>
                <cat>Cakes</cat>
                <cat>Cake mixes</cat>
            </categories>
            <yield>1</yield>
        </head>
        <ingredients>
            <ing-div>
                <title/>
                <ing>
                    <amt>
                        <qty>1 1/2</qty>
                        <unit>cups</unit>
                    </amt>
                    <item>Toasted Almonds; chopped</item>
                </ing>
                <ing>
                    <amt>
                        <qty>1</qty>
                        <unit>package</unit>
                    </amt>
                    <item>Yellow cake mix; no pudding</item>
                </ing>
                <ing>
                    <amt>
                        <qty>1</qty>
                        <unit>package</unit>
                    </amt>
                    <item>Vanilla instant pudding</item>
                </ing>
                <ing>
                    <amt>
                        <qty>4</qty>
                        <unit/>
                    </amt>
                    <item>Eggs</item>
                </ing>
                <ing>
                    <amt>
                        <qty>1/2</qty>
                        <unit>cups</unit>
                    </amt>
                    <item>Vegetable oil</item>
                </ing>
                <ing>
                    <amt>
                        <qty>1/2</qty>
                        <unit>cups</unit>
                    </amt>
                    <item>Water</item>
                </ing>
                <ing>
                    <amt>
                        <qty>1/2</qty>
                        <unit>cups</unit>
                    </amt>
                    <item>Amaretto</item>
                </ing>
                <ing>
                    <amt>
                        <qty>1</qty>
                        <unit>teaspoon</unit>
                    </amt>
                    <item>Almond extract</item>
                </ing>
            </ing-div>
            <ing-div>
                <title>GLAZE</title>
                <ing>
                    <amt>
                        <qty>1/2</qty>
                        <unit>cups</unit>
                    </amt>
                    <item>Sugar</item>
                </ing>
                <ing>
                    <amt>
                        <qty>1/4</qty>
                        <unit>cups</unit>
                    </amt>
                    <item>Water</item>
                </ing>
                <ing>
                    <amt>
                        <qty>2</qty>
                        <unit>tablespoons</unit>
                    </amt>
                    <item>Butter</item>
                </ing>
                <ing>
                    <amt>
                        <qty>1/4</qty>
                        <unit>cups</unit>
                    </amt>
                    <item>Amaretto</item>
                </ing>
                <ing>
                    <amt>
                        <qty>1/2</qty>
                        <unit>teaspoons</unit>
                    </amt>
                    <item>Almond extract</item>
                </ing>
            </ing-div>
        </ingredients>
        <directions>
            <step>Sprinkle 1 cup almonds into bottom of a well-greased and floured 10"
                tube pan; set aside. Combine cake mix, pudding mix, eggs, oil, water,
                amaretto, and almond extract in a mixing bowl; beat on low speed of
                an
                electric mixer til dry ingredients are moistened. Increase
                speed to medium, and beat 4 minutes. Stir in remaining 1/2 cup
                almonds. Pour batter into prepared tube pan. Bake at 325~ for 1 hour
                or til a wooden pick inserted in center comes out clean. Cool cake in pan
                10-15 minutes; remove from pan, and cool completely. Combine sugar,
                water, and butter in a small saucepan; bring to a boil. Reduce heat to
                medium and gently boil 4-5 minutes, stirring occasionally, until sugar
                dissolves. Remove from heat, and cool 15 minutes. Stir
                in amaretto and almond extract. Punch holes in top of cake with a
                wooden pick; slowly spoon glaze on top of cake, allowing glaze to absorb in
                cake.
                Posted to MC-Recipe Digest V1 #263

                Date: Sun, 27 Oct 1996 20:04:57 +0000

                From: Cheryl Gimenez &lt;clgimenez@earthlink.net&gt;

            </step>
        </directions>
    </recipe>
</recipeml>
